Video Title,Video Like Count,Video View Count,Video Comment Count
Coding for 1 Month Versus 1 Year #shorts #coding,220649,4601638,2432
what 10 years of coding looks like‚Ä¶,1252936,21172887,10404
What is Coding?,23012,1570351,800
Programming vs Coding - What&#39;s the difference?,55928,1942385,1777
How to ACTUALLY learn to code... 7 Roadmaps for 2023,120079,1918790,2861
20 Programming Projects That Will Make You A God At Coding,39413,527739,471
"How I Learned to Code in 4 Months &amp; Got a Job! (No CS Degree, No Bootcamp)",261586,5136514,6139
You Don&#39;t Have To Be Smart To Code,5589,80515,233
How to make Arrow ‚¨ÜÔ∏è pattern in python #pythonforbeginners #python #coding,17,489,0
I LEARNED CODING IN A DAY #shorts,797035,13747770,513413
How To Learn Programming for BEGINNERS! (2022/2023),160764,6317352,4358
How I would learn to code (If I could start over),209008,4577608,3815
Learn To Code Like a GENIUS and Not Waste Time,84713,1263818,801
basics of CODING in 10 minutes,45916,1512558,1858
coding is shockingly uncomplicated,0,10466159,7332
Is Coding Still Worth Learning in 2024?,8272,250383,677
Introduction to Programming and Computer Science - Full Course,199109,8298896,4119
5 Years of Coding in under a Minute #shorts,273194,5231416,1659
How to Learn to Code - 8 Hard Truths,138050,2227103,1967
How Senior Programmers ACTUALLY Write Code,39278,1407973,2279
Best Programming Languages #programming #coding #javascript,168283,5120001,3511
Python for Beginners - Learn Python in 1 Hour,417395,17398112,21051
Coding - Expectation vs Reality | Programming - Expectation vs Reality | Codeiyapa #Shorts,1043438,22489478,7166
Is Coding still worth it in 2024? (as an ex-Google programmer),9761,385051,1711
What is Coding? | Lesson 1 | Camp Coding Camp,1552,490294,0
Amazing Rotating Python Graphics Design using Turtle üê¢ #python #pythonshorts #coding #viral #design,30844,724763,251
ALL Python Programmers Should Know This!! #python #programming #coding,99224,1581180,931
EVERY programmer should follow this principle üë©‚Äçüíª #technology #programming #software #career #code,207852,3344355,1149
Create a Spiderman using python coding |python programer| #tech #python #coding,82734,1958101,685
Coding for Kids |What is coding for kids? | Coding for beginners | Types of Coding |Coding Languages,0,1581143,0
Chillstep Music for Programming / Cyber / Coding,110089,11411627,4087
Amazing Flower Design using Python turtle üê¢ #python #coding #funny #viral #trending #design,18192,333360,127
Normal People VS Programmers  #coding #python #programming #easy #funny #short,144862,3503811,812
What programming language you should learnüë©‚Äçüíª(based off your interests) #programming #technology,37755,524684,933
2-Minute Rule to Learn Coding - Atomic Habits,39946,1051040,2126
PROGRAMMING for kids üë¶ Basic concepts üíª Part 1,2283,419442,0
Engineer Vs Programmer üòÉ,5698693,126171251,16205
FASTEST Way to Learn Coding and ACTUALLY Get a Job,270611,6538076,3591
I LOVE YOU program in C Language || #shorts || #CloudCODE,171778,2560910,1093
Programming ‚ñ´Ô∏è Designing ‚ñ´Ô∏è Hacking ‚ñ´Ô∏è Coding ‚ñ´Ô∏è Focus ‚ñ´Ô∏è Music üß¨,60506,5139441,3149
How to Start Coding? Learn Programming for Beginners,275009,6894136,5277
How Michael Reeves Learned To Code,2705972,47478697,16332
FASTEST Way to Learn Coding for FREE (and ACTUALLY get a job),41535,762701,250
Normal people vs programmer vs hackers compression #coding,23559,551437,252
How I Would Learn To Code (If I Could Start Over),292794,6540097,5247
The HARDEST part about programming ü§¶‚Äç‚ôÇÔ∏è #code #programming #technology #tech #software #developer,41239,1307228,717
How to create graphics using Python turtle üêçüê¢ #coding,0,874988,233
Python Turtle Graphics 7 | multi colors designs #CodingWithKarthik,18422,284610,170
Heart Shape Pattern Turtle Graphics Design using Python ü§î #coding #python #turtle #programming #code,20163,399522,328
Linux commands you NEED TO KNOW. FZF and kill #coding #linuxcommands #linux,2142,31749,76
